timestamp,agent.name,rule.description,rule.level,rule.id
"Jun 12, 2025 @ 15:50:12.827","vic-agent","Custom alert:PowerShell reverse shell behavior","15","100700"
"Jun 12, 2025 @ 15:50:12.824","vic-agent","Custom: PowerShell reverse shell connection","10","100102"
"Jun 12, 2025 @ 15:50:11.305","vic-agent","Powershell process created an executable file in Windows root folder","9","92205"
"Jun 12, 2025 @ 15:50:03.337","vic-agent","Wazuh agent started.","3","503"
"Jun 12, 2025 @ 15:49:57.908","vic-agent","Wazuh agent stopped.","3","506"
"Jun 12, 2025 @ 15:41:50.284","vic-agent","Executable file dropped in folder commonly used by malware","15","92213"
"Jun 12, 2025 @ 15:41:50.264","vic-agent","Custom: PowerShell reverse shell behavior (match 4444)","10","100102"
"Jun 12, 2025 @ 15:41:39.975","vic-agent","Powershell process created an executable file in Windows root folder","9","92205"
"Jun 12, 2025 @ 15:41:36.407","vic-agent","Wazuh agent started.","3","503"
"Jun 12, 2025 @ 15:40:10.786","vic-agent","Software protection service scheduled successfully.","3","60642"
"Jun 12, 2025 @ 15:31:15.031","vic-agent","Executable file dropped in folder commonly used by malware","15","92213"
"Jun 12, 2025 @ 15:31:15.030","vic-agent","Custom: PowerShell reverse shell behavior (match 4444)","10","100102"
"Jun 12, 2025 @ 15:30:27.199","vic-agent","Powershell process created an executable file in Windows root folder","9","92205"
"Jun 12, 2025 @ 15:30:18.133","vic-agent","Wazuh agent started.","3","503"
"Jun 12, 2025 @ 15:30:14.750","vic-agent","Wazuh agent stopped.","3","506"
"Jun 12, 2025 @ 15:26:21.199","vic-agent","Custom: PowerShell reverse shell behavior (match 4444)","10","100102"
"Jun 12, 2025 @ 15:26:21.199","vic-agent","Executable file dropped in folder commonly used by malware","15","92213"
"Jun 12, 2025 @ 15:26:04.387","vic-agent","Powershell process created an executable file in Windows root folder","9","92205"
"Jun 12, 2025 @ 15:26:01.079","vic-agent","Wazuh agent started.","3","503"
"Jun 12, 2025 @ 15:23:38.021","vic-agent","Executable file dropped in folder commonly used by malware","15","92213"
"Jun 12, 2025 @ 15:23:37.995","vic-agent","Custom: PowerShell reverse shell behavior (match 4444)","10","100102"
"Jun 12, 2025 @ 15:23:17.848","vic-agent","Powershell process created an executable file in Windows root folder","9","92205"
"Jun 12, 2025 @ 15:23:15.691","vic-agent","Wazuh agent started.","3","503"
"Jun 12, 2025 @ 15:20:50.810","vic-agent","Software protection service scheduled successfully.","3","60642"
"Jun 12, 2025 @ 15:20:06.499","vic-agent","Executable file dropped in folder commonly used by malware","15","92213"
"Jun 12, 2025 @ 15:20:06.499","vic-agent","Custom: PowerShell reverse shell behavior (match 4444)","10","100102"
"Jun 12, 2025 @ 15:19:57.059","vic-agent","Executable file dropped in folder commonly used by malware","15","92213"
"Jun 12, 2025 @ 15:19:57.028","vic-agent","Custom: PowerShell reverse shell behavior (match 4444)","10","100102"
"Jun 12, 2025 @ 15:19:50.998","vic-agent","Powershell process created an executable file in Windows root folder","9","92205"
"Jun 12, 2025 @ 15:19:46.814","vic-agent","Wazuh agent started.","3","503"
"Jun 12, 2025 @ 15:19:44.671","vic-agent","Wazuh agent stopped.","3","506"
"Jun 12, 2025 @ 15:13:46.947","vic-agent","Executable file dropped in folder commonly used by malware","15","92213"
"Jun 12, 2025 @ 15:13:46.946","vic-agent","Powershell.exe spawned a powershell process which executed a base64 encoded command","12","92057"
"Jun 12, 2025 @ 15:13:20.665","vic-agent","Scripting file created under Windows Temp or User folder","6","92200"
"Jun 12, 2025 @ 15:13:20.518","vic-agent","Scripting file created under Windows Temp or User folder","6","92200"
"Jun 12, 2025 @ 15:13:20.496","vic-agent","Scripting file created under Windows Temp or User folder","6","92200"
"Jun 12, 2025 @ 15:13:20.478","vic-agent","Scripting file created under Windows Temp or User folder","6","92200"
"Jun 12, 2025 @ 15:13:20.447","vic-agent","Scripting file created under Windows Temp or User folder","6","92200"
"Jun 12, 2025 @ 15:13:20.420","vic-agent","Scripting file created under Windows Temp or User folder","6","92200"
"Jun 12, 2025 @ 15:13:20.357","vic-agent","Scripting file created under Windows Temp or User folder","6","92200"
"Jun 12, 2025 @ 15:13:20.320","vic-agent","Scripting file created under Windows Temp or User folder","6","92200"
"Jun 12, 2025 @ 15:13:20.292","vic-agent","Scripting file created under Windows Temp or User folder","6","92200"
"Jun 12, 2025 @ 15:13:20.275","vic-agent","Scripting file created under Windows Temp or User folder","6","92200"
"Jun 12, 2025 @ 15:13:20.211","vic-agent","Scripting file created under Windows Temp or User folder","6","92200"
"Jun 12, 2025 @ 15:13:20.150","vic-agent","Scripting file created under Windows Temp or User folder","6","92200"
"Jun 12, 2025 @ 15:13:20.127","vic-agent","Scripting file created under Windows Temp or User folder","6","92200"
"Jun 12, 2025 @ 15:13:20.100","vic-agent","Scripting file created under Windows Temp or User folder","6","92200"
"Jun 12, 2025 @ 15:13:20.079","vic-agent","Scripting file created under Windows Temp or User folder","6","92200"
"Jun 12, 2025 @ 15:13:19.978","vic-agent","Powershell process created an executable file in Windows root folder","9","92205"
"Jun 12, 2025 @ 15:13:19.967","vic-agent","Scripting file created under Windows Temp or User folder","6","92200"
"Jun 12, 2025 @ 15:13:19.921","vic-agent","Scripting file created under Windows Temp or User folder","6","92200"
"Jun 12, 2025 @ 15:13:19.872","vic-agent","Scripting file created under Windows Temp or User folder","6","92200"
"Jun 12, 2025 @ 15:13:19.800","vic-agent","Scripting file created under Windows Temp or User folder","6","92200"
"Jun 12, 2025 @ 15:13:19.767","vic-agent","Scripting file created under Windows Temp or User folder","6","92200"
"Jun 12, 2025 @ 15:13:19.765","vic-agent","Scripting file created under Windows Temp or User folder","6","92200"
"Jun 12, 2025 @ 15:13:19.718","vic-agent","Scripting file created under Windows Temp or User folder","6","92200"
"Jun 12, 2025 @ 15:13:19.631","vic-agent","Scripting file created under Windows Temp or User folder","6","92200"
"Jun 12, 2025 @ 15:13:19.628","vic-agent","Scripting file created under Windows Temp or User folder","6","92200"
"Jun 12, 2025 @ 15:13:19.626","vic-agent","Scripting file created under Windows Temp or User folder","6","92200"
"Jun 12, 2025 @ 15:13:19.557","vic-agent","Scripting file created under Windows Temp or User folder","6","92200"
"Jun 12, 2025 @ 15:13:18.764","vic-agent","Scripting file created under Windows Temp or User folder","6","92200"
"Jun 12, 2025 @ 15:13:18.742","vic-agent","Scripting file created under Windows Temp or User folder","6","92200"
"Jun 12, 2025 @ 15:13:18.714","vic-agent","Scripting file created under Windows Temp or User folder","6","92200"
"Jun 12, 2025 @ 15:13:18.697","vic-agent","Scripting file created under Windows Temp or User folder","6","92200"
"Jun 12, 2025 @ 15:13:18.681","vic-agent","Scripting file created under Windows Temp or User folder","6","92200"
"Jun 12, 2025 @ 15:13:18.661","vic-agent","Scripting file created under Windows Temp or User folder","6","92200"
"Jun 12, 2025 @ 15:13:18.606","vic-agent","Scripting file created under Windows Temp or User folder","6","92200"
"Jun 12, 2025 @ 15:13:18.601","vic-agent","Scripting file created under Windows Temp or User folder","6","92200"
"Jun 12, 2025 @ 15:13:18.560","vic-agent","Scripting file created under Windows Temp or User folder","6","92200"
"Jun 12, 2025 @ 15:13:18.542","vic-agent","Scripting file created under Windows Temp or User folder","6","92200"
"Jun 12, 2025 @ 15:13:18.542","vic-agent","Scripting file created under Windows Temp or User folder","6","92200"
"Jun 12, 2025 @ 15:13:18.527","vic-agent","Scripting file created under Windows Temp or User folder","6","92200"
"Jun 12, 2025 @ 15:13:11.802","vic-agent","Wazuh agent started.","3","503"
"Jun 12, 2025 @ 15:13:08.413","vic-agent","Wazuh agent stopped.","3","506"
"Jun 12, 2025 @ 15:12:53.654","vic-agent","Software protection service scheduled successfully.","3","60642"
"Jun 12, 2025 @ 15:12:51.257","vic-agent","Scripting file created under Windows Temp or User folder","6","92200"
"Jun 12, 2025 @ 15:12:51.236","vic-agent","Scripting file created under Windows Temp or User folder","6","92200"
"Jun 12, 2025 @ 13:42:56.209","vic-agent","Executable file dropped in folder commonly used by malware","15","92213"
"Jun 12, 2025 @ 13:42:56.207","vic-agent","Powershell.exe spawned a powershell process which executed a base64 encoded command","12","92057"
"Jun 12, 2025 @ 13:41:32.409","vic-agent","Powershell process created an executable file in Windows root folder","9","92205"
"Jun 12, 2025 @ 13:41:28.067","vic-agent","Wazuh agent started.","3","503"
"Jun 12, 2025 @ 13:41:25.108","vic-agent","Wazuh agent stopped.","3","506"
"Jun 12, 2025 @ 13:35:01.894","vic-agent","Powershell process created an executable file in Windows root folder","9","92205"
"Jun 12, 2025 @ 13:34:55.844","vic-agent","Wazuh agent started.","3","503"
"Jun 12, 2025 @ 13:34:52.144","vic-agent","Wazuh agent stopped.","3","506"
"Jun 12, 2025 @ 12:25:54.478","vic-agent","Wazuh agent disconnected.","3","504"
"Jun 12, 2025 @ 12:20:22.974","vic-agent","Service startup type was changed","3","61104"
"Jun 12, 2025 @ 11:48:23.605","vic-agent","Scripting file created under Windows Temp or User folder","6","92200"
"Jun 12, 2025 @ 11:48:23.604","vic-agent","Scripting file created under Windows Temp or User folder","6","92200"
"Jun 12, 2025 @ 11:47:37.689","vic-agent","Scripting file created under Windows Temp or User folder","6","92200"
"Jun 12, 2025 @ 11:47:37.645","vic-agent","Scripting file created under Windows Temp or User folder","6","92200"
"Jun 12, 2025 @ 11:46:12.688","vic-agent","Service startup type was changed","3","61104"
"Jun 12, 2025 @ 11:40:22.010","vic-agent","Service startup type was changed","3","61104"
"Jun 12, 2025 @ 11:39:51.372","vic-agent","Powershell.exe spawned a powershell process which executed a base64 encoded command","12","92057"
"Jun 12, 2025 @ 11:39:51.372","vic-agent","Executable file dropped in folder commonly used by malware","15","92213"
"Jun 12, 2025 @ 11:38:07.897","vic-agent","Service startup type was changed","3","61104"
"Jun 12, 2025 @ 11:37:44.776","vic-agent","Powershell.exe spawned a powershell process which executed a base64 encoded command","12","92057"
"Jun 12, 2025 @ 11:37:44.774","vic-agent","Executable file dropped in folder commonly used by malware","15","92213"
"Jun 12, 2025 @ 11:37:09.136","vic-agent","Executable file dropped in folder commonly used by malware","15","92213"
"Jun 12, 2025 @ 11:37:09.101","vic-agent","Powershell.exe spawned a powershell process which executed a base64 encoded command","12","92057"
"Jun 12, 2025 @ 11:36:54.381","vic-agent","Powershell process created an executable file in Windows root folder","9","92205"
"Jun 12, 2025 @ 11:36:49.082","vic-agent","Wazuh agent started.","3","503"
"Jun 12, 2025 @ 11:36:46.572","vic-agent","Wazuh agent stopped.","3","506"
"Jun 12, 2025 @ 11:33:43.432","vic-agent","Executable file dropped in folder commonly used by malware","15","92213"
"Jun 12, 2025 @ 11:33:43.432","vic-agent","Powershell process spawned powershell instance","4","92027"
"Jun 12, 2025 @ 11:31:08.840","vic-agent","Executable file dropped in folder commonly used by malware","15","92213"
"Jun 12, 2025 @ 11:31:08.838","vic-agent","Powershell process spawned powershell instance","4","92027"
"Jun 12, 2025 @ 11:30:34.779","vic-agent","Software protection service scheduled successfully.","3","60642"
"Jun 12, 2025 @ 11:29:23.267","vic-agent","Executable file dropped in folder commonly used by malware","15","92213"
"Jun 12, 2025 @ 11:29:23.265","vic-agent","Powershell process spawned powershell instance","4","92027"
"Jun 12, 2025 @ 11:29:04.928","vic-agent","Executable file dropped in folder commonly used by malware","15","92213"
"Jun 12, 2025 @ 11:29:04.927","vic-agent","Powershell process spawned powershell instance","4","92027"
"Jun 12, 2025 @ 11:28:36.317","vic-agent","Executable file dropped in folder commonly used by malware","15","92213"
"Jun 12, 2025 @ 11:28:36.273","vic-agent","Powershell process spawned powershell instance","4","92027"
"Jun 12, 2025 @ 11:26:38.863","vic-agent","Executable file dropped in folder commonly used by malware","15","92213"
"Jun 12, 2025 @ 11:26:38.861","vic-agent","Powershell process spawned powershell instance","4","92027"
"Jun 12, 2025 @ 11:24:35.222","vic-agent","Software protection service scheduled successfully.","3","60642"
"Jun 12, 2025 @ 11:23:15.677","vic-agent","Executable file dropped in folder commonly used by malware","15","92213"
"Jun 12, 2025 @ 11:23:15.632","vic-agent","Powershell process spawned powershell instance","4","92027"
"Jun 12, 2025 @ 11:16:53.348","vic-agent","Executable file dropped in folder commonly used by malware","15","92213"
"Jun 12, 2025 @ 11:16:51.333","vic-agent","Powershell process spawned powershell instance","4","92027"
"Jun 12, 2025 @ 11:14:46.138","vic-agent","Scripting file created under Windows Temp or User folder","6","92200"
"Jun 12, 2025 @ 11:14:36.888","vic-agent","Scripting file created under Windows Temp or User folder","6","92200"
"Jun 12, 2025 @ 11:14:36.870","vic-agent","Scripting file created under Windows Temp or User folder","6","92200"
"Jun 12, 2025 @ 11:14:36.857","vic-agent","Scripting file created under Windows Temp or User folder","6","92200"
"Jun 12, 2025 @ 11:14:36.800","vic-agent","Scripting file created under Windows Temp or User folder","6","92200"
"Jun 12, 2025 @ 11:14:36.760","vic-agent","Scripting file created under Windows Temp or User folder","6","92200"
"Jun 12, 2025 @ 11:14:36.759","vic-agent","Scripting file created under Windows Temp or User folder","6","92200"
"Jun 12, 2025 @ 11:14:36.733","vic-agent","Scripting file created under Windows Temp or User folder","6","92200"
"Jun 12, 2025 @ 11:14:36.710","vic-agent","Scripting file created under Windows Temp or User folder","6","92200"
"Jun 12, 2025 @ 11:14:36.692","vic-agent","Scripting file created under Windows Temp or User folder","6","92200"
"Jun 12, 2025 @ 11:14:36.674","vic-agent","Scripting file created under Windows Temp or User folder","6","92200"
"Jun 12, 2025 @ 11:14:36.631","vic-agent","Scripting file created under Windows Temp or User folder","6","92200"
"Jun 12, 2025 @ 11:14:36.613","vic-agent","Scripting file created under Windows Temp or User folder","6","92200"
"Jun 12, 2025 @ 11:14:36.613","vic-agent","Scripting file created under Windows Temp or User folder","6","92200"
"Jun 12, 2025 @ 11:14:36.600","vic-agent","Scripting file created under Windows Temp or User folder","6","92200"
"Jun 12, 2025 @ 11:14:36.598","vic-agent","Scripting file created under Windows Temp or User folder","6","92200"
"Jun 12, 2025 @ 11:14:35.978","vic-agent","Scripting file created under Windows Temp or User folder","6","92200"
"Jun 12, 2025 @ 11:14:35.960","vic-agent","Scripting file created under Windows Temp or User folder","6","92200"
"Jun 12, 2025 @ 11:14:35.941","vic-agent","Scripting file created under Windows Temp or User folder","6","92200"
"Jun 12, 2025 @ 11:14:35.929","vic-agent","Scripting file created under Windows Temp or User folder","6","92200"
"Jun 12, 2025 @ 11:14:35.892","vic-agent","Scripting file created under Windows Temp or User folder","6","92200"
"Jun 12, 2025 @ 11:14:35.857","vic-agent","Scripting file created under Windows Temp or User folder","6","92200"
"Jun 12, 2025 @ 11:14:35.832","vic-agent","Scripting file created under Windows Temp or User folder","6","92200"
"Jun 12, 2025 @ 11:14:35.812","vic-agent","Scripting file created under Windows Temp or User folder","6","92200"
"Jun 12, 2025 @ 11:14:35.798","vic-agent","Scripting file created under Windows Temp or User folder","6","92200"
"Jun 12, 2025 @ 11:14:35.786","vic-agent","Scripting file created under Windows Temp or User folder","6","92200"
"Jun 12, 2025 @ 11:14:35.773","vic-agent","Scripting file created under Windows Temp or User folder","6","92200"
"Jun 12, 2025 @ 11:14:35.755","vic-agent","Scripting file created under Windows Temp or User folder","6","92200"
"Jun 12, 2025 @ 11:14:35.740","vic-agent","Scripting file created under Windows Temp or User folder","6","92200"
"Jun 12, 2025 @ 11:14:35.718","vic-agent","Scripting file created under Windows Temp or User folder","6","92200"
"Jun 12, 2025 @ 11:14:35.691","vic-agent","Scripting file created under Windows Temp or User folder","6","92200"
"Jun 12, 2025 @ 11:14:35.690","vic-agent","Scripting file created under Windows Temp or User folder","6","92200"
"Jun 12, 2025 @ 11:14:35.677","vic-agent","Scripting file created under Windows Temp or User folder","6","92200"
"Jun 12, 2025 @ 11:14:35.674","vic-agent","Scripting file created under Windows Temp or User folder","6","92200"
"Jun 12, 2025 @ 11:14:35.635","vic-agent","Scripting file created under Windows Temp or User folder","6","92200"
"Jun 12, 2025 @ 11:14:35.621","vic-agent","Scripting file created under Windows Temp or User folder","6","92200"
"Jun 12, 2025 @ 11:14:35.599","vic-agent","Scripting file created under Windows Temp or User folder","6","92200"
"Jun 12, 2025 @ 11:14:35.599","vic-agent","Scripting file created under Windows Temp or User folder","6","92200"
"Jun 12, 2025 @ 11:14:35.591","vic-agent","Scripting file created under Windows Temp or User folder","6","92200"
"Jun 12, 2025 @ 11:13:13.357","vic-agent","Executable dropped in Windows root folder","6","92217"
"Jun 12, 2025 @ 11:13:10.692","vic-agent","Executable dropped in Windows root folder","6","92217"
"Jun 12, 2025 @ 11:13:10.677","vic-agent","Executable dropped in Windows root folder","6","92217"
"Jun 12, 2025 @ 11:13:10.675","vic-agent","Executable dropped in Windows root folder","6","92217"
"Jun 12, 2025 @ 11:13:09.689","vic-agent","Executable dropped in Windows root folder","6","92217"
"Jun 12, 2025 @ 11:13:09.669","vic-agent","Executable dropped in Windows root folder","6","92217"
"Jun 12, 2025 @ 11:13:09.669","vic-agent","Executable dropped in Windows root folder","6","92217"
"Jun 12, 2025 @ 11:13:08.579","vic-agent","Executable dropped in Windows root folder","6","92217"
"Jun 12, 2025 @ 11:13:08.567","vic-agent","Executable dropped in Windows root folder","6","92217"
"Jun 12, 2025 @ 11:13:08.567","vic-agent","Executable dropped in Windows root folder","6","92217"
"Jun 12, 2025 @ 11:13:08.566","vic-agent","Executable dropped in Windows root folder","6","92217"
"Jun 12, 2025 @ 11:13:07.581","vic-agent","Executable dropped in Windows root folder","6","92217"
"Jun 12, 2025 @ 11:13:07.537","vic-agent","Executable dropped in Windows root folder","6","92217"
"Jun 12, 2025 @ 11:13:06.217","vic-agent","Executable dropped in Windows root folder","6","92217"
"Jun 12, 2025 @ 11:13:02.988","vic-agent","Executable dropped in Windows root folder","6","92217"
"Jun 12, 2025 @ 11:13:01.362","vic-agent","Executable dropped in Windows root folder","6","92217"
"Jun 12, 2025 @ 11:13:01.361","vic-agent","Executable dropped in Windows root folder","6","92217"
"Jun 12, 2025 @ 11:12:59.683","vic-agent","Executable dropped in Windows root folder","6","92217"
"Jun 12, 2025 @ 11:12:59.681","vic-agent","Executable dropped in Windows root folder","6","92217"
"Jun 12, 2025 @ 11:12:57.696","vic-agent","Service startup type was changed","3","61104"
"Jun 12, 2025 @ 11:12:57.550","vic-agent","Executable dropped in Windows root folder","6","92217"
"Jun 12, 2025 @ 11:12:57.507","vic-agent","Executable dropped in Windows root folder","6","92217"
"Jun 12, 2025 @ 11:12:46.429","vic-agent","Executable dropped in Windows root folder","6","92217"
"Jun 12, 2025 @ 11:12:44.687","vic-agent","Executable dropped in Windows root folder","6","92217"
"Jun 12, 2025 @ 11:12:25.728","vic-agent","Executable dropped in Windows root folder","6","92217"
"Jun 12, 2025 @ 11:11:55.434","vic-agent","Executable dropped in Windows root folder","6","92217"
"Jun 12, 2025 @ 11:11:51.463","vic-agent","Executable dropped in Windows root folder","6","92217"
"Jun 12, 2025 @ 11:11:51.462","vic-agent","Executable dropped in Windows root folder","6","92217"
"Jun 12, 2025 @ 11:11:50.279","vic-agent","Executable dropped in Windows root folder","6","92217"
"Jun 12, 2025 @ 11:11:50.278","vic-agent","Executable dropped in Windows root folder","6","92217"
"Jun 12, 2025 @ 11:11:49.242","vic-agent","Executable dropped in Windows root folder","6","92217"
"Jun 12, 2025 @ 11:11:45.258","vic-agent","Executable dropped in Windows root folder","6","92217"
"Jun 12, 2025 @ 11:11:45.257","vic-agent","Executable dropped in Windows root folder","6","92217"
"Jun 12, 2025 @ 11:11:43.757","vic-agent","Executable dropped in Windows root folder","6","92217"
"Jun 12, 2025 @ 11:11:43.726","vic-agent","Executable dropped in Windows root folder","6","92217"
"Jun 12, 2025 @ 11:11:43.705","vic-agent","Executable dropped in Windows root folder","6","92217"
"Jun 12, 2025 @ 11:11:43.705","vic-agent","Executable dropped in Windows root folder","6","92217"
"Jun 12, 2025 @ 11:11:42.714","vic-agent","Executable dropped in Windows root folder","6","92217"
"Jun 12, 2025 @ 11:11:42.689","vic-agent","Executable dropped in Windows root folder","6","92217"
"Jun 12, 2025 @ 11:11:42.688","vic-agent","Executable dropped in Windows root folder","6","92217"
"Jun 12, 2025 @ 11:11:40.055","vic-agent","Executable dropped in Windows root folder","6","92217"
"Jun 12, 2025 @ 11:11:40.054","vic-agent","Executable dropped in Windows root folder","6","92217"
"Jun 12, 2025 @ 11:11:38.660","vic-agent","Executable dropped in Windows root folder","6","92217"
"Jun 12, 2025 @ 11:11:37.337","vic-agent","Executable dropped in Windows root folder","6","92217"
"Jun 12, 2025 @ 11:11:33.234","vic-agent","Executable dropped in Windows root folder","6","92217"
"Jun 12, 2025 @ 11:11:30.556","vic-agent","Executable dropped in Windows root folder","6","92217"
"Jun 12, 2025 @ 11:11:29.082","vic-agent","Executable dropped in Windows root folder","6","92217"
"Jun 12, 2025 @ 11:11:29.081","vic-agent","Executable dropped in Windows root folder","6","92217"
"Jun 12, 2025 @ 11:11:27.656","vic-agent","Executable dropped in Windows root folder","6","92217"
"Jun 12, 2025 @ 11:11:24.264","vic-agent","Executable dropped in Windows root folder","6","92217"
"Jun 12, 2025 @ 11:11:24.264","vic-agent","Executable dropped in Windows root folder","6","92217"
"Jun 12, 2025 @ 11:11:21.642","vic-agent","Executable dropped in Windows root folder","6","92217"
"Jun 12, 2025 @ 11:11:09.276","vic-agent","Executable file dropped in folder commonly used by malware","15","92213"
"Jun 12, 2025 @ 11:11:09.276","vic-agent","Executable file dropped in folder commonly used by malware","15","92213"
"Jun 12, 2025 @ 11:11:08.310","vic-agent","Executable file dropped in folder commonly used by malware","15","92213"
"Jun 12, 2025 @ 11:11:08.308","vic-agent","Executable file dropped in folder commonly used by malware","15","92213"
"Jun 12, 2025 @ 11:11:08.277","vic-agent","Executable file dropped in folder commonly used by malware","15","92213"
"Jun 12, 2025 @ 11:11:08.264","vic-agent","Executable file dropped in folder commonly used by malware","15","92213"
"Jun 12, 2025 @ 11:11:08.262","vic-agent","Executable file dropped in folder commonly used by malware","15","92213"
"Jun 12, 2025 @ 11:11:07.465","vic-agent","Executable file dropped in folder commonly used by malware","15","92213"
"Jun 12, 2025 @ 11:11:07.426","vic-agent","Executable dropped in Windows root folder","6","92217"
"Jun 12, 2025 @ 11:11:07.409","vic-agent","Executable file dropped in folder commonly used by malware","15","92213"
"Jun 12, 2025 @ 11:11:07.384","vic-agent","Executable file dropped in folder commonly used by malware","15","92213"
"Jun 12, 2025 @ 11:11:07.362","vic-agent","Executable file dropped in folder commonly used by malware","15","92213"
"Jun 12, 2025 @ 11:11:07.360","vic-agent","Executable file dropped in folder commonly used by malware","15","92213"
"Jun 12, 2025 @ 11:11:07.316","vic-agent","Executable file dropped in folder commonly used by malware","15","92213"
"Jun 12, 2025 @ 11:11:07.286","vic-agent","Executable file dropped in folder commonly used by malware","15","92213"
"Jun 12, 2025 @ 11:11:07.285","vic-agent","Executable file dropped in folder commonly used by malware","15","92213"
"Jun 12, 2025 @ 11:11:07.257","vic-agent","Executable dropped in Windows root folder","6","92217"
"Jun 12, 2025 @ 11:11:06.262","vic-agent","Executable file dropped in folder commonly used by malware","15","92213"
"Jun 12, 2025 @ 11:11:06.243","vic-agent","Executable file dropped in folder commonly used by malware","15","92213"
"Jun 12, 2025 @ 11:11:06.240","vic-agent","Executable file dropped in folder commonly used by malware","15","92213"
"Jun 12, 2025 @ 11:11:04.284","vic-agent","Executable dropped in Windows root folder","6","92217"
"Jun 12, 2025 @ 11:11:02.330","vic-agent","Executable dropped in Windows root folder","6","92217"
"Jun 12, 2025 @ 11:10:56.976","vic-agent","Executable file dropped in folder commonly used by malware","15","92213"
"Jun 12, 2025 @ 11:10:55.982","vic-agent","Executable file dropped in folder commonly used by malware","15","92213"
"Jun 12, 2025 @ 11:10:55.968","vic-agent","Executable file dropped in folder commonly used by malware","15","92213"
"Jun 12, 2025 @ 11:10:55.968","vic-agent","Executable file dropped in folder commonly used by malware","15","92213"
"Jun 12, 2025 @ 11:10:55.935","vic-agent","Executable file dropped in folder commonly used by malware","15","92213"
"Jun 12, 2025 @ 11:10:55.933","vic-agent","Executable file dropped in folder commonly used by malware","15","92213"
"Jun 12, 2025 @ 11:10:55.931","vic-agent","Executable file dropped in folder commonly used by malware","15","92213"
"Jun 12, 2025 @ 11:10:55.928","vic-agent","Executable file dropped in folder commonly used by malware","15","92213"
"Jun 12, 2025 @ 11:10:52.228","vic-agent","Executable dropped in Windows root folder","6","92217"
"Jun 12, 2025 @ 11:10:48.521","vic-agent","Executable dropped in Windows root folder","6","92217"
"Jun 12, 2025 @ 11:10:48.520","vic-agent","Executable dropped in Windows root folder","6","92217"
"Jun 12, 2025 @ 11:10:47.462","vic-agent","Executable dropped in Windows root folder","6","92217"
"Jun 12, 2025 @ 11:10:41.050","vic-agent","Executable dropped in Windows root folder","6","92217"
"Jun 12, 2025 @ 11:10:41.048","vic-agent","Executable dropped in Windows root folder","6","92217"
"Jun 12, 2025 @ 11:10:39.097","vic-agent","Executable dropped in Windows root folder","6","92217"
"Jun 12, 2025 @ 11:10:39.056","vic-agent","Executable dropped in Windows root folder","6","92217"
"Jun 12, 2025 @ 11:10:32.267","vic-agent","Executable dropped in Windows root folder","6","92217"
"Jun 12, 2025 @ 11:09:56.725","vic-agent","Executable dropped in Windows root folder","6","92217"
"Jun 12, 2025 @ 11:09:53.746","vic-agent","Executable dropped in Windows root folder","6","92217"
"Jun 12, 2025 @ 11:09:52.716","vic-agent","Executable dropped in Windows root folder","6","92217"
"Jun 12, 2025 @ 11:09:50.693","vic-agent","Service startup type was changed","3","61104"
"Jun 12, 2025 @ 11:09:50.576","vic-agent","System time changed","5","60132"
"Jun 12, 2025 @ 11:09:50.503","vic-agent","System time changed","5","60132"
"Jun 12, 2025 @ 11:09:50.473","vic-agent","System time changed","5","60132"
"Jun 12, 2025 @ 11:09:38.367","vic-agent","The database engine attached a database.","3","60798"
"Jun 12, 2025 @ 11:09:38.069","vic-agent","The database engine has completed recovery steps.","3","60809"
"Jun 12, 2025 @ 11:09:37.431","vic-agent","The database engine is replaying log file C:\Winnt\system32\wins\j50.log.","3","60808"
"Jun 12, 2025 @ 11:09:36.868","vic-agent","The database engine is initiating recovery steps.","3","60807"
"Jun 12, 2025 @ 11:09:36.624","vic-agent","The database engine is starting a new instance.","3","60805"
"Jun 12, 2025 @ 11:05:22.225","vic-agent","Executable file dropped in folder commonly used by malware","15","92213"
"Jun 12, 2025 @ 11:05:22.180","vic-agent","Powershell process spawned powershell instance","4","92027"
"Jun 12, 2025 @ 11:01:27.626","vic-agent","Scripting file created under Windows Temp or User folder","6","92200"
"Jun 12, 2025 @ 11:01:27.622","vic-agent","Scripting file created under Windows Temp or User folder","6","92200"
"Jun 12, 2025 @ 11:01:27.621","vic-agent","Scripting file created under Windows Temp or User folder","6","92200"
"Jun 12, 2025 @ 11:01:27.603","vic-agent","Scripting file created under Windows Temp or User folder","6","92200"
"Jun 12, 2025 @ 11:01:27.577","vic-agent","Scripting file created under Windows Temp or User folder","6","92200"
"Jun 12, 2025 @ 11:01:27.546","vic-agent","Scripting file created under Windows Temp or User folder","6","92200"
"Jun 12, 2025 @ 11:01:27.546","vic-agent","Scripting file created under Windows Temp or User folder","6","92200"
"Jun 12, 2025 @ 11:01:27.545","vic-agent","Scripting file created under Windows Temp or User folder","6","92200"
"Jun 12, 2025 @ 11:01:27.541","vic-agent","Scripting file created under Windows Temp or User folder","6","92200"
"Jun 12, 2025 @ 11:01:27.519","vic-agent","Scripting file created under Windows Temp or User folder","6","92200"
"Jun 12, 2025 @ 11:01:27.506","vic-agent","Scripting file created under Windows Temp or User folder","6","92200"
"Jun 12, 2025 @ 11:01:27.485","vic-agent","Scripting file created under Windows Temp or User folder","6","92200"
"Jun 12, 2025 @ 11:01:27.484","vic-agent","Scripting file created under Windows Temp or User folder","6","92200"
"Jun 12, 2025 @ 11:01:27.442","vic-agent","Scripting file created under Windows Temp or User folder","6","92200"
"Jun 12, 2025 @ 11:01:27.407","vic-agent","Scripting file created under Windows Temp or User folder","6","92200"
"Jun 12, 2025 @ 11:01:27.406","vic-agent","Scripting file created under Windows Temp or User folder","6","92200"
"Jun 12, 2025 @ 11:01:27.399","vic-agent","Scripting file created under Windows Temp or User folder","6","92200"
"Jun 12, 2025 @ 11:01:27.360","vic-agent","Scripting file created under Windows Temp or User folder","6","92200"
"Jun 12, 2025 @ 11:01:27.351","vic-agent","Scripting file created under Windows Temp or User folder","6","92200"
"Jun 12, 2025 @ 11:01:27.296","vic-agent","Scripting file created under Windows Temp or User folder","6","92200"
"Jun 12, 2025 @ 11:01:27.239","vic-agent","Scripting file created under Windows Temp or User folder","6","92200"
"Jun 12, 2025 @ 11:01:27.173","vic-agent","Scripting file created under Windows Temp or User folder","6","92200"
"Jun 12, 2025 @ 11:01:27.157","vic-agent","Scripting file created under Windows Temp or User folder","6","92200"
"Jun 12, 2025 @ 11:01:27.114","vic-agent","Scripting file created under Windows Temp or User folder","6","92200"
"Jun 12, 2025 @ 11:01:27.096","vic-agent","Scripting file created under Windows Temp or User folder","6","92200"
"Jun 12, 2025 @ 11:01:27.096","vic-agent","Scripting file created under Windows Temp or User folder","6","92200"
"Jun 12, 2025 @ 11:01:27.090","vic-agent","Scripting file created under Windows Temp or User folder","6","92200"
"Jun 12, 2025 @ 11:01:27.061","vic-agent","Scripting file created under Windows Temp or User folder","6","92200"
"Jun 12, 2025 @ 11:01:27.060","vic-agent","Scripting file created under Windows Temp or User folder","6","92200"
"Jun 12, 2025 @ 11:01:27.026","vic-agent","Scripting file created under Windows Temp or User folder","6","92200"
"Jun 12, 2025 @ 11:01:27.006","vic-agent","Scripting file created under Windows Temp or User folder","6","92200"
"Jun 12, 2025 @ 11:01:27.006","vic-agent","Scripting file created under Windows Temp or User folder","6","92200"
"Jun 12, 2025 @ 11:01:26.986","vic-agent","Scripting file created under Windows Temp or User folder","6","92200"
"Jun 12, 2025 @ 11:01:26.944","vic-agent","Scripting file created under Windows Temp or User folder","6","92200"
"Jun 12, 2025 @ 11:01:26.944","vic-agent","Scripting file created under Windows Temp or User folder","6","92200"
"Jun 12, 2025 @ 11:01:26.926","vic-agent","Scripting file created under Windows Temp or User folder","6","92200"
"Jun 12, 2025 @ 11:01:26.895","vic-agent","Scripting file created under Windows Temp or User folder","6","92200"
"Jun 12, 2025 @ 11:01:26.895","vic-agent","Scripting file created under Windows Temp or User folder","6","92200"
"Jun 12, 2025 @ 11:01:21.022","vic-agent","Summary event of the report's signatures.","4","60608"
"Jun 12, 2025 @ 11:01:10.546","vic-agent","Windows application error event.","9","60602"
"Jun 12, 2025 @ 11:01:09.303","vic-agent","Executable file dropped in folder commonly used by malware","15","92213"
"Jun 12, 2025 @ 11:01:08.071","vic-agent","Scripting file created under Windows Temp or User folder","6","92200"
"Jun 12, 2025 @ 11:01:08.070","vic-agent","Scripting file created under Windows Temp or User folder","6","92200"
"Jun 12, 2025 @ 11:01:08.038","vic-agent","Scripting file created under Windows Temp or User folder","6","92200"
"Jun 12, 2025 @ 11:01:08.028","vic-agent","Scripting file created under Windows Temp or User folder","6","92200"
"Jun 12, 2025 @ 11:01:08.027","vic-agent","Scripting file created under Windows Temp or User folder","6","92200"
"Jun 12, 2025 @ 11:01:08.014","vic-agent","Scripting file created under Windows Temp or User folder","6","92200"
"Jun 12, 2025 @ 11:01:08.014","vic-agent","Scripting file created under Windows Temp or User folder","6","92200"
"Jun 12, 2025 @ 11:01:07.995","vic-agent","Scripting file created under Windows Temp or User folder","6","92200"
"Jun 12, 2025 @ 11:01:07.948","vic-agent","Scripting file created under Windows Temp or User folder","6","92200"
"Jun 12, 2025 @ 11:01:07.899","vic-agent","Scripting file created under Windows Temp or User folder","6","92200"
"Jun 12, 2025 @ 11:01:07.879","vic-agent","Scripting file created under Windows Temp or User folder","6","92200"
"Jun 12, 2025 @ 11:01:07.855","vic-agent","Scripting file created under Windows Temp or User folder","6","92200"
"Jun 12, 2025 @ 11:01:07.853","vic-agent","Scripting file created under Windows Temp or User folder","6","92200"
"Jun 12, 2025 @ 11:01:07.844","vic-agent","Scripting file created under Windows Temp or User folder","6","92200"
"Jun 12, 2025 @ 11:01:07.783","vic-agent","Scripting file created under Windows Temp or User folder","6","92200"
"Jun 12, 2025 @ 11:01:07.687","vic-agent","Scripting file created under Windows Temp or User folder","6","92200"
"Jun 12, 2025 @ 11:01:07.582","vic-agent","Scripting file created under Windows Temp or User folder","6","92200"
"Jun 12, 2025 @ 11:01:07.514","vic-agent","Scripting file created under Windows Temp or User folder","6","92200"
"Jun 12, 2025 @ 11:01:07.514","vic-agent","Scripting file created under Windows Temp or User folder","6","92200"
"Jun 12, 2025 @ 11:01:07.512","vic-agent","Scripting file created under Windows Temp or User folder","6","92200"
"Jun 12, 2025 @ 11:01:07.448","vic-agent","Scripting file created under Windows Temp or User folder","6","92200"
"Jun 12, 2025 @ 11:01:07.430","vic-agent","Scripting file created under Windows Temp or User folder","6","92200"
"Jun 12, 2025 @ 11:01:07.424","vic-agent","Scripting file created under Windows Temp or User folder","6","92200"
"Jun 12, 2025 @ 11:01:07.398","vic-agent","Scripting file created under Windows Temp or User folder","6","92200"
"Jun 12, 2025 @ 11:01:07.398","vic-agent","Scripting file created under Windows Temp or User folder","6","92200"
"Jun 12, 2025 @ 11:01:07.382","vic-agent","Scripting file created under Windows Temp or User folder","6","92200"
"Jun 12, 2025 @ 11:01:07.353","vic-agent","Scripting file created under Windows Temp or User folder","6","92200"
"Jun 12, 2025 @ 11:01:07.340","vic-agent","Scripting file created under Windows Temp or User folder","6","92200"
"Jun 12, 2025 @ 11:01:07.324","vic-agent","Scripting file created under Windows Temp or User folder","6","92200"
"Jun 12, 2025 @ 11:01:07.305","vic-agent","Scripting file created under Windows Temp or User folder","6","92200"
"Jun 12, 2025 @ 11:01:07.281","vic-agent","Scripting file created under Windows Temp or User folder","6","92200"
"Jun 12, 2025 @ 11:01:07.258","vic-agent","Scripting file created under Windows Temp or User folder","6","92200"
"Jun 12, 2025 @ 11:01:07.239","vic-agent","Scripting file created under Windows Temp or User folder","6","92200"
"Jun 12, 2025 @ 11:01:07.208","vic-agent","Scripting file created under Windows Temp or User folder","6","92200"
"Jun 12, 2025 @ 11:01:07.207","vic-agent","Scripting file created under Windows Temp or User folder","6","92200"
"Jun 12, 2025 @ 11:01:07.194","vic-agent","Scripting file created under Windows Temp or User folder","6","92200"
"Jun 12, 2025 @ 11:01:07.173","vic-agent","Scripting file created under Windows Temp or User folder","6","92200"
"Jun 12, 2025 @ 11:01:06.973","vic-agent","Scripting file created under Windows Temp or User folder","6","92200"
"Jun 12, 2025 @ 10:55:43.051","vic-agent","Executable file dropped in folder commonly used by malware","15","92213"
"Jun 12, 2025 @ 10:55:43.034","vic-agent","Powershell process spawned powershell instance","4","92027"
"Jun 12, 2025 @ 10:55:37.855","vic-agent","Executable file dropped in folder commonly used by malware","15","92213"
"Jun 12, 2025 @ 10:55:33.050","vic-agent","Scripting file created under Windows Temp or User folder","6","92200"
"Jun 12, 2025 @ 10:55:33.035","vic-agent","Scripting file created under Windows Temp or User folder","6","92200"
"Jun 12, 2025 @ 10:55:32.997","vic-agent","Scripting file created under Windows Temp or User folder","6","92200"
"Jun 12, 2025 @ 10:55:32.989","vic-agent","Scripting file created under Windows Temp or User folder","6","92200"
"Jun 12, 2025 @ 10:55:32.954","vic-agent","Scripting file created under Windows Temp or User folder","6","92200"
"Jun 12, 2025 @ 10:55:32.936","vic-agent","Scripting file created under Windows Temp or User folder","6","92200"
"Jun 12, 2025 @ 10:55:32.936","vic-agent","Scripting file created under Windows Temp or User folder","6","92200"
"Jun 12, 2025 @ 10:55:32.908","vic-agent","Scripting file created under Windows Temp or User folder","6","92200"
"Jun 12, 2025 @ 10:55:32.885","vic-agent","Scripting file created under Windows Temp or User folder","6","92200"
"Jun 12, 2025 @ 10:55:32.875","vic-agent","Scripting file created under Windows Temp or User folder","6","92200"
"Jun 12, 2025 @ 10:55:32.844","vic-agent","Scripting file created under Windows Temp or User folder","6","92200"
"Jun 12, 2025 @ 10:55:32.822","vic-agent","Scripting file created under Windows Temp or User folder","6","92200"
"Jun 12, 2025 @ 10:55:32.797","vic-agent","Scripting file created under Windows Temp or User folder","6","92200"
"Jun 12, 2025 @ 10:55:32.781","vic-agent","Scripting file created under Windows Temp or User folder","6","92200"
"Jun 12, 2025 @ 10:55:32.754","vic-agent","Scripting file created under Windows Temp or User folder","6","92200"
"Jun 12, 2025 @ 10:55:32.733","vic-agent","Scripting file created under Windows Temp or User folder","6","92200"
"Jun 12, 2025 @ 10:55:32.717","vic-agent","Scripting file created under Windows Temp or User folder","6","92200"
"Jun 12, 2025 @ 10:55:32.704","vic-agent","Scripting file created under Windows Temp or User folder","6","92200"
"Jun 12, 2025 @ 10:55:32.678","vic-agent","Scripting file created under Windows Temp or User folder","6","92200"
"Jun 12, 2025 @ 10:55:32.648","vic-agent","Scripting file created under Windows Temp or User folder","6","92200"
"Jun 12, 2025 @ 10:55:32.617","vic-agent","Scripting file created under Windows Temp or User folder","6","92200"
"Jun 12, 2025 @ 10:55:32.582","vic-agent","Scripting file created under Windows Temp or User folder","6","92200"
"Jun 12, 2025 @ 10:55:32.544","vic-agent","Scripting file created under Windows Temp or User folder","6","92200"
"Jun 12, 2025 @ 10:55:32.522","vic-agent","Scripting file created under Windows Temp or User folder","6","92200"
"Jun 12, 2025 @ 10:55:32.477","vic-agent","Scripting file created under Windows Temp or User folder","6","92200"
"Jun 12, 2025 @ 10:55:32.464","vic-agent","Scripting file created under Windows Temp or User folder","6","92200"
"Jun 12, 2025 @ 10:55:32.463","vic-agent","Scripting file created under Windows Temp or User folder","6","92200"
"Jun 12, 2025 @ 10:55:32.461","vic-agent","Scripting file created under Windows Temp or User folder","6","92200"
"Jun 12, 2025 @ 10:55:32.437","vic-agent","Scripting file created under Windows Temp or User folder","6","92200"
"Jun 12, 2025 @ 10:55:32.404","vic-agent","Scripting file created under Windows Temp or User folder","6","92200"
"Jun 12, 2025 @ 10:55:32.387","vic-agent","Scripting file created under Windows Temp or User folder","6","92200"
"Jun 12, 2025 @ 10:55:32.379","vic-agent","Scripting file created under Windows Temp or User folder","6","92200"
"Jun 12, 2025 @ 10:55:32.298","vic-agent","Scripting file created under Windows Temp or User folder","6","92200"
"Jun 12, 2025 @ 10:55:32.259","vic-agent","Scripting file created under Windows Temp or User folder","6","92200"
"Jun 12, 2025 @ 10:55:32.225","vic-agent","Scripting file created under Windows Temp or User folder","6","92200"
"Jun 12, 2025 @ 10:55:32.225","vic-agent","Scripting file created under Windows Temp or User folder","6","92200"
"Jun 12, 2025 @ 10:55:32.197","vic-agent","Scripting file created under Windows Temp or User folder","6","92200"
"Jun 12, 2025 @ 10:55:32.152","vic-agent","Scripting file created under Windows Temp or User folder","6","92200"
"Jun 12, 2025 @ 10:55:26.279","vic-agent","Executable file dropped in folder commonly used by malware","15","92213"
"Jun 12, 2025 @ 10:55:26.277","vic-agent","Powershell process spawned powershell instance","4","92027"
"Jun 12, 2025 @ 10:55:23.509","vic-agent","Powershell process created an executable file in Windows root folder","9","92205"
"Jun 12, 2025 @ 10:55:19.645","vic-agent","Wazuh agent started.","3","503"
"Jun 12, 2025 @ 10:54:44.944","vic-agent","Windows System error event","5","61102"
"Jun 12, 2025 @ 10:53:52.339","vic-agent","Service startup type was changed","3","61104"
"Jun 12, 2025 @ 10:51:32.468","vic-agent","Summary event of the report's signatures.","4","60608"
"Jun 12, 2025 @ 10:51:30.173","vic-agent","Summary event of the report's signatures.","4","60608"
"Jun 12, 2025 @ 10:50:55.609","vic-agent","Service startup type was changed","3","61104"
"Jun 12, 2025 @ 10:50:34.915","vic-agent","Windows System error event","5","61102"
"Jun 12, 2025 @ 09:50:33.954","vic-agent","SCA summary: CIS Microsoft Windows 10 Enterprise Benchmark v1.12.0: Score less than 50% (30)","7","19004"
"Jun 12, 2025 @ 09:50:28.922","vic-agent","Service startup type was changed","3","61104"
"Jun 12, 2025 @ 09:50:21.100","vic-agent","CIS Microsoft Windows 10 Enterprise Benchmark v1.12.0: Ensure 'Audit Removable Storage' is set to 'Success and Failure'.: Status changed from passed to failed","9","19011"
"Jun 12, 2025 @ 09:50:21.055","vic-agent","CIS Microsoft Windows 10 Enterprise Benchmark v1.12.0: Ensure 'Audit Other Object Access Events' is set to 'Success and Failure'.: Status changed from passed to failed","9","19011"
"Jun 12, 2025 @ 09:50:21.008","vic-agent","CIS Microsoft Windows 10 Enterprise Benchmark v1.12.0: Ensure 'Audit Detailed File Share' is set to include 'Failure'.: Status changed from passed to failed","9","19011"
"Jun 12, 2025 @ 09:50:21.008","vic-agent","CIS Microsoft Windows 10 Enterprise Benchmark v1.12.0: Ensure 'Audit File Share' is set to 'Success and Failure'.: Status changed from passed to failed","9","19011"
"Jun 12, 2025 @ 09:50:20.965","vic-agent","CIS Microsoft Windows 10 Enterprise Benchmark v1.12.0: Ensure 'Audit Special Logon' is set to include 'Success'.: Status changed from passed to failed","9","19011"
"Jun 12, 2025 @ 09:50:20.866","vic-agent","CIS Microsoft Windows 10 Enterprise Benchmark v1.12.0: Ensure 'Audit Other Logon/Logoff Events' is set to 'Success and Failure'.: Status changed from passed to failed","9","19011"
"Jun 12, 2025 @ 09:50:20.829","vic-agent","CIS Microsoft Windows 10 Enterprise Benchmark v1.12.0: Ensure 'Audit Logon' is set to 'Success and Failure'.: Status changed from passed to failed","9","19011"
"Jun 12, 2025 @ 09:50:20.784","vic-agent","CIS Microsoft Windows 10 Enterprise Benchmark v1.12.0: Ensure 'Audit Logoff' is set to include 'Success'.: Status changed from passed to failed","9","19011"
"Jun 12, 2025 @ 09:50:20.759","vic-agent","CIS Microsoft Windows 10 Enterprise Benchmark v1.12.0: Ensure 'Audit Group Membership' is set to include 'Success'.: Status changed from passed to failed","9","19011"
"Jun 12, 2025 @ 09:50:20.756","vic-agent","CIS Microsoft Windows 10 Enterprise Benchmark v1.12.0: Ensure 'Audit Account Lockout' is set to include 'Failure'.: Status changed from passed to failed","9","19011"
"Jun 12, 2025 @ 09:50:04.321","vic-agent","Powershell process created an executable file in Windows root folder","9","92205"
"Jun 12, 2025 @ 09:49:56.369","vic-agent","Wazuh agent started.","3","503"
"Jun 12, 2025 @ 09:49:49.644","vic-agent","Wazuh agent stopped.","3","506"
"Jun 12, 2025 @ 09:48:33.301","vic-agent","Scripting file created under Windows Temp or User folder","6","92200"
"Jun 12, 2025 @ 09:48:33.251","vic-agent","Scripting file created under Windows Temp or User folder","6","92200"
"Jun 12, 2025 @ 09:48:17.740","vic-agent","Scripting file created under Windows Temp or User folder","6","92200"
"Jun 12, 2025 @ 09:48:17.683","vic-agent","Scripting file created under Windows Temp or User folder","6","92200"
"Jun 12, 2025 @ 09:48:10.955","vic-agent","Executable file dropped in folder commonly used by malware","15","92213"
"Jun 12, 2025 @ 09:48:10.930","vic-agent","Executable file dropped in folder commonly used by malware","15","92213"
"Jun 12, 2025 @ 09:48:10.899","vic-agent","Executable file dropped in folder commonly used by malware","15","92213"
"Jun 12, 2025 @ 09:48:10.870","vic-agent","Executable file dropped in folder commonly used by malware","15","92213"
"Jun 12, 2025 @ 09:48:10.868","vic-agent","Executable file dropped in folder commonly used by malware","15","92213"
"Jun 12, 2025 @ 09:48:10.815","vic-agent","Executable file dropped in folder commonly used by malware","15","92213"
"Jun 12, 2025 @ 09:48:10.793","vic-agent","Executable file dropped in folder commonly used by malware","15","92213"
"Jun 12, 2025 @ 09:48:10.793","vic-agent","Executable file dropped in folder commonly used by malware","15","92213"
"Jun 12, 2025 @ 09:48:10.763","vic-agent","Executable file dropped in folder commonly used by malware","15","92213"
"Jun 12, 2025 @ 09:47:34.400","vic-agent","Service startup type was changed","3","61104"
"Jun 12, 2025 @ 09:46:55.799","vic-agent","Executable file dropped in folder commonly used by malware","15","92213"
"Jun 12, 2025 @ 09:46:32.770","vic-agent","Scripting file created under Windows Temp or User folder","6","92200"
"Jun 12, 2025 @ 09:46:32.684","vic-agent","Scripting file created under Windows Temp or User folder","6","92200"
"Jun 12, 2025 @ 09:46:32.665","vic-agent","Scripting file created under Windows Temp or User folder","6","92200"
"Jun 12, 2025 @ 09:46:32.643","vic-agent","Scripting file created under Windows Temp or User folder","6","92200"
"Jun 12, 2025 @ 09:46:32.609","vic-agent","Scripting file created under Windows Temp or User folder","6","92200"
"Jun 12, 2025 @ 09:46:32.591","vic-agent","Scripting file created under Windows Temp or User folder","6","92200"
"Jun 12, 2025 @ 09:46:32.574","vic-agent","Scripting file created under Windows Temp or User folder","6","92200"
"Jun 12, 2025 @ 09:46:32.558","vic-agent","Scripting file created under Windows Temp or User folder","6","92200"
"Jun 12, 2025 @ 09:46:32.549","vic-agent","Scripting file created under Windows Temp or User folder","6","92200"
"Jun 12, 2025 @ 09:46:32.549","vic-agent","Scripting file created under Windows Temp or User folder","6","92200"
"Jun 12, 2025 @ 09:46:32.526","vic-agent","Scripting file created under Windows Temp or User folder","6","92200"
"Jun 12, 2025 @ 09:46:32.509","vic-agent","Scripting file created under Windows Temp or User folder","6","92200"
"Jun 12, 2025 @ 09:46:32.509","vic-agent","Scripting file created under Windows Temp or User folder","6","92200"
"Jun 12, 2025 @ 09:46:32.480","vic-agent","Scripting file created under Windows Temp or User folder","6","92200"
"Jun 12, 2025 @ 09:46:32.464","vic-agent","Scripting file created under Windows Temp or User folder","6","92200"
"Jun 12, 2025 @ 09:46:32.449","vic-agent","Scripting file created under Windows Temp or User folder","6","92200"
"Jun 12, 2025 @ 09:46:32.430","vic-agent","Scripting file created under Windows Temp or User folder","6","92200"
"Jun 12, 2025 @ 09:46:32.405","vic-agent","Scripting file created under Windows Temp or User folder","6","92200"
"Jun 12, 2025 @ 09:46:32.391","vic-agent","Scripting file created under Windows Temp or User folder","6","92200"
"Jun 12, 2025 @ 09:46:32.362","vic-agent","Scripting file created under Windows Temp or User folder","6","92200"
"Jun 12, 2025 @ 09:46:32.353","vic-agent","Scripting file created under Windows Temp or User folder","6","92200"
"Jun 12, 2025 @ 09:46:32.309","vic-agent","Scripting file created under Windows Temp or User folder","6","92200"
"Jun 12, 2025 @ 09:46:32.296","vic-agent","Scripting file created under Windows Temp or User folder","6","92200"
"Jun 12, 2025 @ 09:46:32.275","vic-agent","Scripting file created under Windows Temp or User folder","6","92200"
"Jun 12, 2025 @ 09:46:32.259","vic-agent","Scripting file created under Windows Temp or User folder","6","92200"
"Jun 12, 2025 @ 09:46:32.246","vic-agent","Scripting file created under Windows Temp or User folder","6","92200"
"Jun 12, 2025 @ 09:46:32.229","vic-agent","Scripting file created under Windows Temp or User folder","6","92200"
"Jun 12, 2025 @ 09:46:32.213","vic-agent","Scripting file created under Windows Temp or User folder","6","92200"
"Jun 12, 2025 @ 09:46:32.209","vic-agent","Scripting file created under Windows Temp or User folder","6","92200"
"Jun 12, 2025 @ 09:46:32.186","vic-agent","Scripting file created under Windows Temp or User folder","6","92200"
"Jun 12, 2025 @ 09:46:32.164","vic-agent","Scripting file created under Windows Temp or User folder","6","92200"
"Jun 12, 2025 @ 09:46:32.141","vic-agent","Scripting file created under Windows Temp or User folder","6","92200"
"Jun 12, 2025 @ 09:46:32.118","vic-agent","Scripting file created under Windows Temp or User folder","6","92200"
"Jun 12, 2025 @ 09:46:32.117","vic-agent","Scripting file created under Windows Temp or User folder","6","92200"
"Jun 12, 2025 @ 09:46:32.104","vic-agent","Scripting file created under Windows Temp or User folder","6","92200"
"Jun 12, 2025 @ 09:46:32.102","vic-agent","Scripting file created under Windows Temp or User folder","6","92200"
"Jun 12, 2025 @ 09:46:32.070","vic-agent","Scripting file created under Windows Temp or User folder","6","92200"
"Jun 12, 2025 @ 09:46:28.943","vic-agent","Scripting file created under Windows Temp or User folder","6","92200"
"Jun 12, 2025 @ 09:45:56.807","vic-agent","Software protection service scheduled successfully.","3","60642"
"Jun 12, 2025 @ 09:45:50.556","vic-agent","Scripting file created under Windows Temp or User folder","6","92200"
"Jun 12, 2025 @ 09:45:50.556","vic-agent","Scripting file created under Windows Temp or User folder","6","92200"
"Jun 12, 2025 @ 09:45:50.556","vic-agent","Scripting file created under Windows Temp or User folder","6","92200"
"Jun 12, 2025 @ 09:45:50.555","vic-agent","Scripting file created under Windows Temp or User folder","6","92200"
"Jun 12, 2025 @ 09:45:49.715","vic-agent","Scripting file created under Windows Temp or User folder","6","92200"
"Jun 12, 2025 @ 09:45:49.696","vic-agent","Scripting file created under Windows Temp or User folder","6","92200"
"Jun 12, 2025 @ 09:45:49.681","vic-agent","Scripting file created under Windows Temp or User folder","6","92200"
"Jun 12, 2025 @ 09:45:49.681","vic-agent","Scripting file created under Windows Temp or User folder","6","92200"
"Jun 12, 2025 @ 09:45:49.679","vic-agent","Scripting file created under Windows Temp or User folder","6","92200"
"Jun 12, 2025 @ 09:45:49.656","vic-agent","Scripting file created under Windows Temp or User folder","6","92200"
"Jun 12, 2025 @ 09:45:49.651","vic-agent","Scripting file created under Windows Temp or User folder","6","92200"
"Jun 12, 2025 @ 09:45:49.640","vic-agent","Scripting file created under Windows Temp or User folder","6","92200"
"Jun 12, 2025 @ 09:45:49.634","vic-agent","Scripting file created under Windows Temp or User folder","6","92200"
"Jun 12, 2025 @ 09:45:49.628","vic-agent","Scripting file created under Windows Temp or User folder","6","92200"
"Jun 12, 2025 @ 09:45:49.608","vic-agent","Scripting file created under Windows Temp or User folder","6","92200"
"Jun 12, 2025 @ 09:45:49.597","vic-agent","Scripting file created under Windows Temp or User folder","6","92200"
"Jun 12, 2025 @ 09:45:49.597","vic-agent","Scripting file created under Windows Temp or User folder","6","92200"
"Jun 12, 2025 @ 09:45:49.593","vic-agent","Scripting file created under Windows Temp or User folder","6","92200"
"Jun 12, 2025 @ 09:45:49.582","vic-agent","Scripting file created under Windows Temp or User folder","6","92200"
"Jun 12, 2025 @ 09:45:49.577","vic-agent","Scripting file created under Windows Temp or User folder","6","92200"
"Jun 12, 2025 @ 09:45:49.553","vic-agent","Scripting file created under Windows Temp or User folder","6","92200"
"Jun 12, 2025 @ 09:45:49.546","vic-agent","Scripting file created under Windows Temp or User folder","6","92200"
"Jun 12, 2025 @ 09:45:49.540","vic-agent","Scripting file created under Windows Temp or User folder","6","92200"
"Jun 12, 2025 @ 09:45:49.515","vic-agent","Scripting file created under Windows Temp or User folder","6","92200"
"Jun 12, 2025 @ 09:45:49.472","vic-agent","Scripting file created under Windows Temp or User folder","6","92200"
"Jun 12, 2025 @ 09:45:49.468","vic-agent","Scripting file created under Windows Temp or User folder","6","92200"
"Jun 12, 2025 @ 09:45:49.459","vic-agent","Scripting file created under Windows Temp or User folder","6","92200"
"Jun 12, 2025 @ 09:45:48.595","vic-agent","Scripting file created under Windows Temp or User folder","6","92200"
"Jun 12, 2025 @ 09:45:48.578","vic-agent","Scripting file created under Windows Temp or User folder","6","92200"
"Jun 12, 2025 @ 09:45:48.567","vic-agent","Scripting file created under Windows Temp or User folder","6","92200"
"Jun 12, 2025 @ 09:45:48.562","vic-agent","Scripting file created under Windows Temp or User folder","6","92200"
"Jun 12, 2025 @ 09:45:48.537","vic-agent","Scripting file created under Windows Temp or User folder","6","92200"
"Jun 12, 2025 @ 09:45:48.515","vic-agent","Scripting file created under Windows Temp or User folder","6","92200"
"Jun 12, 2025 @ 09:45:48.494","vic-agent","Scripting file created under Windows Temp or User folder","6","92200"
"Jun 12, 2025 @ 09:45:48.472","vic-agent","Scripting file created under Windows Temp or User folder","6","92200"
"Jun 12, 2025 @ 09:45:48.414","vic-agent","Scripting file created under Windows Temp or User folder","6","92200"
"Jun 12, 2025 @ 09:45:48.396","vic-agent","Scripting file created under Windows Temp or User folder","6","92200"
"Jun 12, 2025 @ 09:45:48.395","vic-agent","Scripting file created under Windows Temp or User folder","6","92200"
"Jun 12, 2025 @ 09:45:48.391","vic-agent","Scripting file created under Windows Temp or User folder","6","92200"
"Jun 12, 2025 @ 09:45:43.694","vic-agent","Scripting file created under Windows Temp or User folder","6","92200"
"Jun 12, 2025 @ 09:45:05.981","vic-agent","License activation (slui.exe) failed.","5","60646"
"Jun 12, 2025 @ 09:44:54.328","vic-agent","Evidence of new service creation found in registry under HKLM\\System\\CurrentControlSet\\Services\\WpnUserService_2b7172\\ImagePath binary is: C:\\Windows\\system32\\svchost.exe -k UnistackSvcGroup","3","92307"
"Jun 12, 2025 @ 09:44:54.169","vic-agent","Evidence of new service creation found in registry under HKLM\\System\\CurrentControlSet\\Services\\UserDataSvc_2b7172\\ImagePath binary is: C:\\Windows\\system32\\svchost.exe -k UnistackSvcGroup","3","92307"
"Jun 12, 2025 @ 09:44:54.095","vic-agent","Evidence of new service creation found in registry under HKLM\\System\\CurrentControlSet\\Services\\UnistoreSvc_2b7172\\ImagePath binary is: C:\\Windows\\System32\\svchost.exe -k UnistackSvcGroup","3","92307"
"Jun 12, 2025 @ 09:44:53.866","vic-agent","Evidence of new service creation found in registry under HKLM\\System\\CurrentControlSet\\Services\\UdkUserSvc_2b7172\\ImagePath binary is: C:\\Windows\\system32\\svchost.exe -k UdkSvcGroup","3","92307"
"Jun 12, 2025 @ 09:44:53.761","vic-agent","Evidence of new service creation found in registry under HKLM\\System\\CurrentControlSet\\Services\\PrintWorkflowUserSvc_2b7172\\ImagePath binary is: C:\\Windows\\system32\\svchost.exe -k PrintWorkflow","3","92307"
"Jun 12, 2025 @ 09:44:53.603","vic-agent","Evidence of new service creation found in registry under HKLM\\System\\CurrentControlSet\\Services\\PimIndexMaintenanceSvc_2b7172\\ImagePath binary is: C:\\Windows\\system32\\svchost.exe -k UnistackSvcGroup","3","92307"
"Jun 12, 2025 @ 09:44:53.500","vic-agent","Evidence of new service creation found in registry under HKLM\\System\\CurrentControlSet\\Services\\OneSyncSvc_2b7172\\ImagePath binary is: C:\\Windows\\system32\\svchost.exe -k UnistackSvcGroup","3","92307"
"Jun 12, 2025 @ 09:44:53.375","vic-agent","Evidence of new service creation found in registry under HKLM\\System\\CurrentControlSet\\Services\\MessagingService_2b7172\\ImagePath binary is: C:\\Windows\\system32\\svchost.exe -k UnistackSvcGroup","3","92307"
"Jun 12, 2025 @ 09:44:53.211","vic-agent","Evidence of new service creation found in registry under HKLM\\System\\CurrentControlSet\\Services\\DevicesFlowUserSvc_2b7172\\ImagePath binary is: C:\\Windows\\system32\\svchost.exe -k DevicesFlow","3","92307"
"Jun 12, 2025 @ 09:44:53.091","vic-agent","Evidence of new service creation found in registry under HKLM\\System\\CurrentControlSet\\Services\\DevicePickerUserSvc_2b7172\\ImagePath binary is: C:\\Windows\\system32\\svchost.exe -k DevicesFlow","3","92307"
"Jun 12, 2025 @ 09:44:52.744","vic-agent","Evidence of new service creation found in registry under HKLM\\System\\CurrentControlSet\\Services\\DeviceAssociationBrokerSvc_2b7172\\ImagePath binary is: C:\\Windows\\system32\\svchost.exe -k DevicesFlow -p","3","92307"
"Jun 12, 2025 @ 09:44:52.567","vic-agent","Evidence of new service creation found in registry under HKLM\\System\\CurrentControlSet\\Services\\CredentialEnrollmentManagerUserSvc_2b7172\\ImagePath binary is: C:\\Windows\\system32\\CredentialEnrollmentManager.exe","3","92307"
"Jun 12, 2025 @ 09:44:52.560","vic-agent","Evidence of new service creation found in registry under HKLM\\System\\CurrentControlSet\\Services\\ConsentUxUserSvc_2b7172\\ImagePath binary is: C:\\Windows\\system32\\svchost.exe -k DevicesFlow","3","92307"
"Jun 12, 2025 @ 09:44:52.286","vic-agent","Evidence of new service creation found in registry under HKLM\\System\\CurrentControlSet\\Services\\CDPUserSvc_2b7172\\ImagePath binary is: C:\\Windows\\system32\\svchost.exe -k UnistackSvcGroup","3","92307"
"Jun 12, 2025 @ 09:44:51.832","vic-agent","Evidence of new service creation found in registry under HKLM\\System\\CurrentControlSet\\Services\\cbdhsvc_2b7172\\ImagePath binary is: C:\\Windows\\system32\\svchost.exe -k ClipboardSvcGroup -p","3","92307"
"Jun 12, 2025 @ 09:44:51.499","vic-agent","Evidence of new service creation found in registry under HKLM\\System\\CurrentControlSet\\Services\\CaptureService_2b7172\\ImagePath binary is: C:\\Windows\\system32\\svchost.exe -k LocalService -p","3","92307"
"Jun 12, 2025 @ 09:44:51.403","vic-agent","Evidence of new service creation found in registry under HKLM\\System\\CurrentControlSet\\Services\\BluetoothUserService_2b7172\\ImagePath binary is: C:\\Windows\\system32\\svchost.exe -k BthAppGroup -p","3","92307"
"Jun 12, 2025 @ 09:44:51.236","vic-agent","Evidence of new service creation found in registry under HKLM\\System\\CurrentControlSet\\Services\\BcastDVRUserService_2b7172\\ImagePath binary is: C:\\Windows\\system32\\svchost.exe -k BcastDVRUserService","3","92307"
"Jun 12, 2025 @ 09:44:51.104","vic-agent","Evidence of new service creation found in registry under HKLM\\System\\CurrentControlSet\\Services\\AarSvc_2b7172\\ImagePath binary is: C:\\Windows\\system32\\svchost.exe -k AarSvcGroup -p","3","92307"
"Jun 12, 2025 @ 09:43:26.180","vic-agent","Software protection service scheduled successfully.","3","60642"
"Jun 12, 2025 @ 09:37:59.617","vic-agent","Software protection service scheduled successfully.","3","60642"
"Jun 12, 2025 @ 09:31:25.334","vic-agent","Software protection service scheduled successfully.","3","60642"
"Jun 12, 2025 @ 09:30:56.098","vic-agent","Executable dropped in Windows root folder","6","92217"
"Jun 12, 2025 @ 09:29:50.628","vic-agent","Windows Audit Policy changed","8","60112"
"Jun 12, 2025 @ 09:29:50.607","vic-agent","Windows Audit Policy changed","8","60112"
"Jun 12, 2025 @ 09:29:50.597","vic-agent","Windows Audit Policy changed","8","60112"
"Jun 12, 2025 @ 09:29:50.500","vic-agent","Windows Audit Policy changed","8","60112"
"Jun 12, 2025 @ 09:29:50.452","vic-agent","Windows Audit Policy changed","8","60112"
"Jun 12, 2025 @ 09:29:50.431","vic-agent","Windows Audit Policy changed","8","60112"
"Jun 12, 2025 @ 09:29:50.431","vic-agent","Windows Audit Policy changed","8","60112"
"Jun 12, 2025 @ 09:29:50.411","vic-agent","Windows Audit Policy changed","8","60112"
"Jun 12, 2025 @ 09:29:50.312","vic-agent","Windows Audit Policy changed","8","60112"
"Jun 12, 2025 @ 09:29:50.311","vic-agent","Windows Audit Policy changed","8","60112"
"Jun 12, 2025 @ 09:29:50.277","vic-agent","Windows Audit Policy changed","8","60112"
"Jun 12, 2025 @ 09:29:50.231","vic-agent","Windows Audit Policy changed","8","60112"
"Jun 12, 2025 @ 09:29:50.230","vic-agent","Windows Audit Policy changed","8","60112"
"Jun 12, 2025 @ 09:29:50.167","vic-agent","Windows Audit Policy changed","8","60112"
"Jun 12, 2025 @ 09:29:50.101","vic-agent","Windows Audit Policy changed","8","60112"
"Jun 12, 2025 @ 09:29:50.069","vic-agent","Windows Audit Policy changed","8","60112"
"Jun 12, 2025 @ 09:29:49.993","vic-agent","Windows Audit Policy changed","8","60112"
"Jun 12, 2025 @ 09:29:49.929","vic-agent","Windows Audit Policy changed","8","60112"
"Jun 12, 2025 @ 09:29:49.881","vic-agent","Windows Audit Policy changed","8","60112"
"Jun 12, 2025 @ 09:29:49.873","vic-agent","Windows Audit Policy changed","8","60112"
"Jun 12, 2025 @ 09:29:49.817","vic-agent","Windows Audit Policy changed","8","60112"
"Jun 12, 2025 @ 09:29:49.810","vic-agent","Windows Audit Policy changed","8","60112"
"Jun 12, 2025 @ 09:29:49.797","vic-agent","Windows Audit Policy changed","8","60112"
"Jun 12, 2025 @ 09:29:49.797","vic-agent","Windows Audit Policy changed","8","60112"
"Jun 12, 2025 @ 09:29:49.754","vic-agent","Windows Audit Policy changed","8","60112"
"Jun 12, 2025 @ 09:29:49.446","vic-agent","Service startup type was changed","3","61104"
"Jun 12, 2025 @ 09:29:46.710","vic-agent","Executable dropped in Windows root folder","6","92217"
"Jun 12, 2025 @ 09:29:46.707","vic-agent","Executable dropped in Windows root folder","6","92217"
"Jun 12, 2025 @ 09:29:46.705","vic-agent","Executable dropped in Windows root folder","6","92217"
"Jun 12, 2025 @ 09:29:46.702","vic-agent","Executable dropped in Windows root folder","6","92217"
"Jun 12, 2025 @ 09:29:46.699","vic-agent","Executable dropped in Windows root folder","6","92217"
"Jun 12, 2025 @ 09:29:46.684","vic-agent","Executable dropped in Windows root folder","6","92217"
"Jun 12, 2025 @ 09:29:46.683","vic-agent","Executable dropped in Windows root folder","6","92217"
"Jun 12, 2025 @ 09:29:46.683","vic-agent","Executable dropped in Windows root folder","6","92217"
"Jun 12, 2025 @ 09:29:46.428","vic-agent","Executable dropped in Windows root folder","6","92217"
"Jun 12, 2025 @ 09:29:41.029","vic-agent","Executable dropped in Windows root folder","6","92217"
"Jun 12, 2025 @ 09:29:40.978","vic-agent","Executable dropped in Windows root folder","6","92217"
"Jun 12, 2025 @ 09:29:40.941","vic-agent","Executable dropped in Windows root folder","6","92217"
"Jun 12, 2025 @ 09:29:40.897","vic-agent","Executable dropped in Windows root folder","6","92217"
"Jun 12, 2025 @ 09:29:40.849","vic-agent","Executable dropped in Windows root folder","6","92217"
"Jun 12, 2025 @ 09:29:40.825","vic-agent","Executable dropped in Windows root folder","6","92217"
"Jun 12, 2025 @ 09:29:40.809","vic-agent","Executable dropped in Windows root folder","6","92217"
"Jun 12, 2025 @ 09:29:40.801","vic-agent","Executable dropped in Windows root folder","6","92217"
"Jun 12, 2025 @ 09:29:40.796","vic-agent","Executable dropped in Windows root folder","6","92217"
"Jun 12, 2025 @ 09:29:15.664","vic-agent","Software protection service scheduled successfully.","3","60642"
"Jun 12, 2025 @ 09:29:07.418","vic-agent","Executable dropped in Windows root folder","6","92217"
"Jun 12, 2025 @ 09:28:40.240","vic-agent","Software protection service scheduled successfully.","3","60642"
"Jun 12, 2025 @ 09:28:36.437","vic-agent","Executable dropped in Windows root folder","6","92217"
"Jun 12, 2025 @ 09:28:31.623","vic-agent","Powershell process created an executable file in Windows root folder","9","92205"
"Jun 12, 2025 @ 09:28:14.227","vic-agent","Possible DLL search order hijack by C:\\Windows\\SoftwareDistribution\\Download\\528676335e19c4c5e27ab78534bb9211\\Metadata\\ReserveManager.dll created in Windows root folder","6","92219"
"Jun 12, 2025 @ 09:28:14.226","vic-agent","Possible DLL search order hijack by C:\\Windows\\SoftwareDistribution\\Download\\528676335e19c4c5e27ab78534bb9211\\Metadata\\fvereseal.dll created in Windows root folder","6","92219"
"Jun 12, 2025 @ 09:28:14.226","vic-agent","Possible DLL search order hijack by C:\\Windows\\SoftwareDistribution\\Download\\528676335e19c4c5e27ab78534bb9211\\Metadata\\WinREAgent.dll created in Windows root folder","6","92219"
"Jun 12, 2025 @ 09:28:13.303","vic-agent","Possible DLL search order hijack by C:\\Windows\\SoftwareDistribution\\Download\\528676335e19c4c5e27ab78534bb9211\\Metadata\\TurboStack.dll created in Windows root folder","6","92219"
"Jun 12, 2025 @ 09:28:13.217","vic-agent","Possible DLL search order hijack by C:\\Windows\\SoftwareDistribution\\Download\\528676335e19c4c5e27ab78534bb9211\\Metadata\\wcp.dll created in Windows root folder","6","92219"
"Jun 12, 2025 @ 09:28:13.172","vic-agent","Possible DLL search order hijack by C:\\Windows\\SoftwareDistribution\\Download\\528676335e19c4c5e27ab78534bb9211\\Metadata\\UAOneSettings.dll created in Windows root folder","6","92219"
"Jun 12, 2025 @ 09:28:13.171","vic-agent","Possible DLL search order hijack by C:\\Windows\\SoftwareDistribution\\Download\\528676335e19c4c5e27ab78534bb9211\\Metadata\\Mitigation.dll created in Windows root folder","6","92219"
"Jun 12, 2025 @ 09:28:13.166","vic-agent","Possible DLL search order hijack by C:\\Windows\\SoftwareDistribution\\Download\\528676335e19c4c5e27ab78534bb9211\\Metadata\\dpx.dll created in Windows root folder","6","92219"
"Jun 12, 2025 @ 09:28:13.117","vic-agent","Possible DLL search order hijack by C:\\Windows\\SoftwareDistribution\\Download\\528676335e19c4c5e27ab78534bb9211\\Metadata\\UpdateAgent.dll created in Windows root folder","6","92219"
"Jun 12, 2025 @ 09:28:09.860","vic-agent","Windows Logon Success","3","60106"
"Jun 12, 2025 @ 09:28:09.698","vic-agent","Windows Logon Success","3","60106"
"Jun 12, 2025 @ 09:28:04.658","vic-agent","Software protection service scheduled successfully.","3","60642"
"Jun 12, 2025 @ 09:27:44.484","vic-agent","Windows Logon Success","3","60106"
"Jun 12, 2025 @ 09:27:44.426","vic-agent","Windows Logon Success","3","60106"
"Jun 12, 2025 @ 09:27:40.327","vic-agent","Windows Logon Success","3","60106"
"Jun 12, 2025 @ 09:27:39.262","vic-agent","Windows Logon Success","3","60106"
"Jun 12, 2025 @ 09:27:24.012","vic-agent","Windows Logon Success","3","60106"
"Jun 12, 2025 @ 09:27:07.188","vic-agent","Wazuh agent started.","3","503"
"Jun 12, 2025 @ 09:24:11.885","vic-agent","Wazuh agent disconnected.","3","504"
"Jun 11, 2025 @ 16:50:24.302","vic-agent","Windows application error event.","9","60602"
"Jun 11, 2025 @ 16:45:53.649","vic-agent","Windows Logon Success","3","60106"
"Jun 11, 2025 @ 16:45:53.341","vic-agent","Windows application error event.","9","60602"
"Jun 11, 2025 @ 16:45:53.146","vic-agent","Executable dropped in Windows root folder","6","92217"
"Jun 11, 2025 @ 16:45:53.123","vic-agent","Executable dropped in Windows root folder","6","92217"
"Jun 11, 2025 @ 16:45:53.114","vic-agent","Executable dropped in Windows root folder","6","92217"
"Jun 11, 2025 @ 16:45:53.093","vic-agent","Executable dropped in Windows root folder","6","92217"
"Jun 11, 2025 @ 16:45:53.093","vic-agent","Executable dropped in Windows root folder","6","92217"
"Jun 11, 2025 @ 16:45:53.030","vic-agent","Executable dropped in Windows root folder","6","92217"
"Jun 11, 2025 @ 16:45:53.001","vic-agent","Executable dropped in Windows root folder","6","92217"
"Jun 11, 2025 @ 16:45:53.000","vic-agent","Windows Logon Success","3","60106"
"Jun 11, 2025 @ 16:45:52.988","vic-agent","Executable dropped in Windows root folder","6","92217"
"Jun 11, 2025 @ 16:45:52.610","vic-agent","Executable dropped in Windows root folder","6","92217"
"Jun 11, 2025 @ 16:45:44.583","vic-agent","Windows Logon Success","3","60106"
"Jun 11, 2025 @ 16:41:52.401","vic-agent","Windows Logon Success","3","60106"
"Jun 11, 2025 @ 16:37:29.360","vic-agent","Windows Logon Success","3","60106"
"Jun 11, 2025 @ 16:37:29.255","vic-agent","Windows Logon Success","3","60106"
"Jun 11, 2025 @ 16:37:27.368","vic-agent","Powershell process created an executable file in Windows root folder","9","92205"
"Jun 11, 2025 @ 16:37:24.177","vic-agent","Wazuh agent started.","3","503"
"Jun 11, 2025 @ 16:33:36.339","vic-agent","Windows Logon Success","3","60106"
"Jun 11, 2025 @ 16:33:36.231","vic-agent","Windows Logon Success","3","60106"
"Jun 11, 2025 @ 16:28:39.725","vic-agent","Windows Logon Success","3","60106"
"Jun 11, 2025 @ 16:28:39.548","vic-agent","Windows Logon Success","3","60106"
"Jun 11, 2025 @ 16:28:38.836","vic-agent","Windows Logon Success","3","60106"
"Jun 11, 2025 @ 16:24:48.436","vic-agent","Powershell process created an executable file in Windows root folder","9","92205"
"Jun 11, 2025 @ 16:24:43.442","vic-agent","Windows Logon Success","3","60106"
"Jun 11, 2025 @ 16:24:42.434","vic-agent","Wazuh agent started.","3","503"
"Jun 11, 2025 @ 16:24:39.408","vic-agent","Wazuh agent stopped.","3","506"
"Jun 11, 2025 @ 16:20:42.720","vic-agent","Windows application error event.","9","60602"
"Jun 11, 2025 @ 16:20:42.532","vic-agent","Windows Logon Success","3","60106"
"Jun 11, 2025 @ 16:20:41.499","vic-agent","Executable dropped in Windows root folder","6","92217"
"Jun 11, 2025 @ 16:20:41.483","vic-agent","Executable dropped in Windows root folder","6","92217"
"Jun 11, 2025 @ 16:20:41.467","vic-agent","Executable dropped in Windows root folder","6","92217"
"Jun 11, 2025 @ 16:20:41.451","vic-agent","Executable dropped in Windows root folder","6","92217"
"Jun 11, 2025 @ 16:20:41.431","vic-agent","Executable dropped in Windows root folder","6","92217"
"Jun 11, 2025 @ 16:20:41.415","vic-agent","Executable dropped in Windows root folder","6","92217"
"Jun 11, 2025 @ 16:20:41.384","vic-agent","Executable dropped in Windows root folder","6","92217"
"Jun 11, 2025 @ 16:20:41.370","vic-agent","Executable dropped in Windows root folder","6","92217"
"Jun 11, 2025 @ 16:20:41.369","vic-agent","Executable dropped in Windows root folder","6","92217"
"Jun 11, 2025 @ 16:20:41.254","vic-agent","Windows Logon Success","3","60106"
"Jun 11, 2025 @ 16:20:41.236","vic-agent","Windows Logon Success","3","60106"
"Jun 11, 2025 @ 16:20:29.433","vic-agent","Windows Logon Success","3","60106"
"Jun 11, 2025 @ 16:20:07.956","vic-agent","Windows Logon Success","3","60106"
"Jun 11, 2025 @ 16:20:07.906","vic-agent","Windows Logon Success","3","60106"
"Jun 11, 2025 @ 16:16:10.656","vic-agent","Windows Sysmon error event","5","61602"
"Jun 11, 2025 @ 16:14:38.703","vic-agent","Wazuh agent disconnected.","3","504"
"Jun 11, 2025 @ 16:08:40.990","vic-agent","Windows Logon Success","3","60106"
"Jun 11, 2025 @ 16:08:39.708","vic-agent","Windows Logon Success","3","60106"
"Jun 11, 2025 @ 15:56:11.676","vic-agent","Windows Logon Success","3","60106"